customer_id,probability
6815,0.12087965
27914,0.39529377
31385,-0.07204342
38084,-0.066889405
78659,0.6489518
85327,0.1892218
85635,0.9910711
168767,1.0234973
172390,0.3007322
186730,0.56315804
279454,0.9400249
302489,0.39195812
312146,0.85112023
461627,0.6083309
493506,1.0688348
498222,0.23542875
516081,-0.24131411
544719,0.4590418
570018,0.74420464
603086,0.5555875
610375,0.4642711
611788,0.38325262
621247,0.0823164
630248,0.34432182
701335,0.38180086
750056,0.4324583
760558,0.21490923
775341,-0.4408399
784488,0.17336833
815836,0.717986
824085,-0.08356351
867851,0.17827904
890531,0.9703678
904122,0.62086195
927818,0.7072568
938354,0.522177
954126,0.28709775
984867,0.09545475
987798,0.5472625
1013552,0.63217676
1020634,0.16500151
1029705,0.3201632
1099483,0.5488444
1133595,0.34496444
1136140,0.8918214
1217764,0.83295155
1230741,0.48008472
1256938,0.048547804
1291480,1.2178959
1298146,0.8109065
1336622,0.6254651
1377061,0.07122025
1508066,-0.089989305
1541259,0.004165381
1562005,1.1472464
1567291,0.59115726
1568833,0.34567612
1626561,0.5835925
1643831,0.1869708
1645333,0.7614739
1691972,0.7410463
1701585,0.40171343
1716098,0.6937664
1747033,0.30523935
1748625,-0.051175594
1764918,0.5120762
1798485,1.3257113
1804650,0.25669593
1810386,-0.14876181
1929883,0.38239753
1936060,0.22743759
1988154,0.25171733
1994043,0.54298514
2130072,-0.13729697
2151916,-0.0068121552
2173974,0.79613435
2219074,0.3304816
2317888,1.0063205
2354592,0.9849392
2420841,0.35264957
2426906,0.70744556
2444292,0.094380826
2467346,0.14789003
2569589,-0.1446355
2611958,0.1868625
2649097,0.07933545
2673490,0.7016263
2680117,0.8694345
2684078,0.51914436
2692812,0.5311839
2702587,0.17205834
2705672,0.5067008
2741822,0.7046133
2750594,0.6350717
2775006,0.17387903
2777285,0.7577381
2787811,0.37782884
2790265,0.12409419
2852393,0.9592035
2925124,0.3216445
2946788,0.18390182
2950983,0.37064016
2992932,0.31830373
3031425,0.10329738
3075545,0.1329692
3082002,0.038257957
3093845,1.0101852
3141788,-0.16481173
3156819,0.80973196
3202482,0.94271386
3241242,0.9203558
3260907,-0.16303152
3316837,0.692585
3321077,0.6300316
3323243,0.5229274
3332843,0.1444763
3356075,0.22961748
3357959,-0.30354428
3363940,-0.10609603
3440764,0.47431386
3453773,0.98026705
3501340,0.33603328
3528539,0.5094779
3539993,-0.1858046
3605631,0.48011675
3618976,0.17443386
3690249,0.514501
3707746,0.5212927
3719119,0.14236966
3729674,-0.07554537
3741760,-0.048095584
3743929,0.59433144
3750128,0.52774394
3788060,0.7260202
3854679,0.1850205
3857377,0.70413005
3902265,0.06915757
3918071,0.42367208
3931715,0.57942325
3951882,-0.007129967
4015488,-0.0049447417
4077097,-0.03965658
4078534,1.139198
4093894,0.14036378
4181983,0.7950989
4243994,-0.12045038
4286902,0.74061453
4303845,0.0038118362
4309953,0.08505535
4314113,0.38657457
4395772,0.9420053
4415650,0.5342574
4543137,0.41889894
4610275,0.47653207
4612839,0.8938453
4618247,0.28363425
4631488,0.8881248
4638377,0.18118015
4662805,0.073245406
4681159,0.46675584
4690246,0.11692321
4707466,0.06071514
4725454,0.31281406
4730614,0.39499846
4736715,0.7390291
4740895,0.3543164
4747261,-0.29996806
4829848,0.24142736
4840730,0.6092506
4895767,0.21218967
4896321,1.0512418
4904693,0.11841977
4913258,0.28947246
5003413,0.13122821
5010022,0.877432
5030826,0.9269994
5038906,-0.11881393
5063900,0.6378254
5079103,0.00059974194
5080512,0.28696555
5102946,0.91286653
5115320,0.123613834
5128692,0.42550033
5129634,0.4223668
5179705,0.46563742
5191421,0.38330758
5222307,0.97076803
5234323,0.20691466
5249686,0.5902162
5253697,1.0787951
5285278,0.3812587
5288179,1.0006977
5301525,0.10639024
5308727,0.873429
5351670,0.40598
5353298,0.7278466
5360260,0.25869778
5377646,0.70636296
5413522,-0.07380736
5437224,0.2875703
5442432,0.48212323
5466673,0.27874178
5471887,0.22109923
5509085,0.3316025
5522306,0.33481705
5529000,0.2735622
5534381,0.5136426
5542063,0.5967221
5546147,0.3128195
5591410,0.83110344
5593463,0.53122425
5595865,0.7731178
5620816,0.15780813
5650565,0.14000404
5680412,0.34667024
5684340,0.004678607
5712129,0.12233418
5728776,0.33446863
5812748,0.36635825
5813739,0.746512
5873100,0.5461211
5904549,0.9784696
5917074,0.45661223
5932512,0.96912736
5947256,0.6967722
5962572,0.04904303
5963521,0.47027418
5979147,0.73288006
5987772,-0.056887984
6022714,0.30944175
6028275,1.1941967
6057858,0.7411737
6070760,0.4013644
6095580,0.013571769
6128165,0.16388372
6168444,0.49800318
6180127,0.45028576
6201435,0.0148898065
6229170,0.5938604
6230637,0.34888887
6237240,0.8524163
6260068,0.83913875
6263636,0.47765946
6297061,0.71021545
6299035,-0.036014378
6342326,0.170575
6419331,0.8556925
6506523,0.6844393
6512034,-0.019074678
6563583,0.28103814
6693917,0.9686103
6740969,1.0809419
6743603,0.48433366
6777272,0.666025
6781439,0.75221163
6802435,0.3963272
6808459,1.2673564
6812280,0.9695194
6833739,0.42763162
6912082,0.388924
6959386,0.1875439
6967729,0.085597515
6987246,0.51824486
6992283,-0.129776
7031302,0.46644065
7036054,0.5839895
7042491,0.43030566
7050763,-0.016853571
7054459,0.88954514
7063514,0.67135084
7154063,0.50883454
7176009,0.4925264
7190640,0.03447801
7259712,0.75661385
7260407,0.20782775
7274248,0.15920919
7277718,0.7276673
7286014,-0.030187786
7334738,-0.016791344
7417224,0.058154315
7443671,0.48870975
7468632,0.4853179
7481941,0.6479108
7515266,0.29274172
7529955,0.40999722
7643575,1.0026939
7738852,0.048525453
7802693,0.2603829
7825000,1.0624185
7928829,-0.042797744
7941670,0.5756823
7992478,0.4777227
8005009,0.7080388
8014460,0.46974963
8039667,0.3076723
8039989,0.36731964
8057640,0.80460733
8117702,0.11831716
8147226,0.07005027
8180711,0.015859127
8232432,0.062303573
8242368,0.50158846
8251225,0.1403816
8260849,-0.21311504
8269375,0.25198033
8311063,0.22240603
8318445,0.9330983
8320225,0.2040641
8411774,0.47395256
8495915,0.26825428
8508392,-0.056895137
8572281,0.38983348
8605057,0.34845513
8610584,0.9486574
8632843,0.25655234
8673276,0.6433716
8682085,1.0336537
8685331,0.039776504
8785015,-0.029772222
8806206,0.1401433
8822658,0.92493075
8836504,0.9176122
8890644,0.9024186
8958297,0.3727696
9018309,-0.014698625
9054088,-0.13912684
9074485,0.23355836
9085668,0.2893775
9093576,0.86645293
9094483,0.19822857
9099643,0.8852806
9149677,0.49193645
9184053,0.18673488
9185026,0.30378923
9211054,0.2816769
9256099,0.1843045
9305819,0.43612927
9363087,0.29780936
9373238,0.42267552
9384247,0.21109945
9398001,0.38427064
9416660,0.20323285
9435622,0.78296185
9659665,0.36625415
9672790,0.07414922
9688107,0.12054905
9700419,0.33534926
9807993,0.6747534
9841413,0.7313318
9863722,0.096631765
9871840,0.36886668
9894840,0.17134225
9899289,0.5625639
9906759,0.1447066
9962760,0.6254614
9992069,0.40575874
10005741,0.8437501
10011328,1.0170066
10014090,-0.17639297
10018695,0.3630758
10023080,1.1368493
10034284,0.16319653
10067396,0.3498363
10078312,0.43409652
10094853,0.5543633
10126330,0.2151573
10179649,0.5028944
10252148,0.8418818
10257726,0.77031916
10280886,0.047861457
10304262,0.53323317
10334951,0.47045422
10403039,0.17377245
10464121,0.15432891
10476857,-0.12519723
10519292,0.8720343
10524021,0.04885006
10598219,0.13766098
10682079,1.1104188
10685683,0.2631564
10690962,0.23369959
10696706,0.36595258
10722119,0.82108974
10727511,0.58109236
10759723,0.60375667
10774706,0.5247149
10888907,0.49794623
10909988,0.37247646
10915793,1.0287863
10967870,0.37907356
11073241,0.03570938
11094849,0.1724875
11123573,0.06555435
11142969,0.3092242
11143956,-0.01709652
11234608,0.17235407
11259870,0.31549197
11327023,0.7653602
11349383,0.08221179
11365859,0.1104393
11381668,-0.13115174
11397041,0.5171904
11434701,0.13572788
11446286,-0.1065014
11460051,0.128376
11476779,0.32837385
11529524,0.2923336
11562634,-0.17342693
11573006,1.10959
11625700,0.79152745
11627763,0.5920748
11631304,0.29519704
11631823,1.0029129
11637315,0.96309006
11661664,0.18859723
11671863,0.44021466
11691762,-0.06786615
11738678,0.7702322
11765794,0.70116025
11777784,0.5741745
11851829,-0.013642669
11925955,0.2310147
11931236,0.3320303
11931380,0.081963986
11935430,0.37283722
12042186,0.49680424
12053904,0.5748079
12056620,0.18068308
12069120,0.06954154
12116728,-0.0006864071
12252020,0.9360181
12261215,0.8100941
12273634,0.051374078
12279093,0.90040916
12282192,0.6428547
12289409,0.42915842
12342280,0.560884
12390619,0.92462295
12434084,0.021667719
12437618,-0.14433956
12448845,-0.019910097
12468790,0.19381365
12520991,0.60723984
12528382,0.28095278
12542015,0.013544142
12564682,0.27123904
12596291,0.6098659
12610287,0.7614665
12680585,0.13786867
12697220,0.5935434
12701940,0.34031963
12707826,0.114029735
12711646,0.800133
12728902,0.8473611
12785195,0.91546607
12914769,0.6757397
12925117,0.9022747
12932872,0.3582515
12976812,0.5123144
12981242,0.29054365
12981808,0.9447534
13011786,1.218471
13179575,-0.23580474
13182172,0.033361882
13191753,0.3486681
13241753,-0.23383921
13245340,0.7189152
13246133,0.78342193
13260220,0.3984393
13267878,0.15361953
13324952,0.19182506
13325805,0.9770148
13358704,0.20546934
13389616,0.30493924
13418393,0.8863219
13422613,0.92164785
13451353,0.48451144
13520040,0.13073844
13528851,0.42988673
13552331,0.6480321
13554236,0.114301175
13568964,0.5120078
13572234,0.021451771
13602205,0.1224477
13605073,0.8951621
13620003,0.9494437
13637343,0.6564555
13659037,-0.14963937
13670238,0.2811667
13672389,-0.007208705
13734049,0.75235677
13751660,0.33819246
13825301,0.09374705
13868306,0.8189137
13872241,0.5263599
13888991,0.74463457
13889184,0.9969327
13910371,-0.17977065
14101528,0.71429473
14143258,0.3717054
14154413,0.78135633
14166485,0.95561504
14178332,0.45365173
14180180,1.1464424
14221391,0.5300684
14248648,0.6839579
14267405,0.039145052
14330113,0.45653114
14331004,1.1123476
14353260,0.64425266
14382698,-0.04019618
14409598,0.80758154
14444565,0.6379775
14454081,0.067727715
14476637,0.25394976
14551898,0.20118678
14602021,0.21549937
14630687,0.19392183
14656498,0.03933546
14682884,1.0079389
14711088,0.39670438
14736748,0.07578936
14739087,0.34474593
14866430,0.5464633
14872527,0.18335569
14875577,0.77987134
14892960,0.41348574
14937933,0.49530715
14953743,0.5374495
14980520,0.91040844
14988970,0.8665594
14990644,0.60821074
15004238,0.4024641
15031489,0.781178
15044221,0.080046654
15053840,0.9281678
15058566,0.11366749
15088828,0.45863393
15142137,-0.12734646
15166647,0.21484762
15197816,0.5693668
15206594,-0.014425278
15218842,0.46073994
15282992,-0.056761324
15283573,0.15983444
15325309,0.96085113
15413183,0.2055844
15458619,0.0015947223
15496197,0.79483
15510666,0.36388856
15515571,0.77145773
15577036,0.85463965
15577985,1.1509168
15590380,0.6971356
15598730,0.23463026
15600058,0.2515591
15604721,0.16120458
15611978,0.19634408
15626188,0.07471481
15626531,0.0060297847
15729290,0.34829405
15767586,0.2587589
15826213,0.8619715
15836028,0.27143693
15836839,0.7082462
15841147,0.3902975
15847149,0.7058792
15856748,0.8744266
15867759,0.16469112
15894791,0.3660485
15926722,0.4861654
15956854,0.4071887
15964289,-0.029454708
16048969,0.22815007
16049334,1.1381074
16057697,0.14939058
16089461,0.6494517
16198741,0.9762188
16213543,0.6930424
16253417,0.32786638
16274002,1.1619257
16295869,0.23270601
16359236,0.91946274
16371796,0.50726795
16392564,0.5647931
16393345,0.4519298
16395398,0.14153787
16395910,0.15590754
16419087,-0.13105965
16454787,0.82086307
16462973,1.0139768
16505024,1.033972
16527738,0.6019128
16563089,1.0214802
16563768,0.30494857
16568750,0.7707391
16579578,0.5955157
16585493,0.3572954
16588270,0.19579554
16604678,0.701256
16617908,0.11514866
16622470,0.31831115
16634239,0.8187357
16697632,0.5415293
16744894,0.9514552
16745983,0.46532932
16768663,0.40001518
16843415,0.28741175
16862454,0.3579929
16938566,0.8175062
16967590,0.20139769
17090426,0.66244227
17095064,0.91861063
17096335,0.92801815
17096973,0.60317415
17113299,0.27790353
17120363,0.53202856
17120770,0.34484226
17166860,0.33098346
17168015,0.5804888
17171316,0.30481106
17173846,0.13394913
17260193,0.7172781
17292612,0.389991
17302287,0.02301994
17306217,0.034400105
17340837,0.5763825
17392669,1.046138
17396832,0.005846679
17422997,0.690776
17447144,0.52337945
17459382,0.36545265
17576256,0.1642015
17580250,0.33521086
17589274,0.36986142
17661325,-0.019212604
17703557,1.0386865
17703907,0.23512957
17737985,0.723234
17750079,0.703025
17755070,0.41666088
17761745,0.751697
17774807,0.93447036
17832283,0.2830673
17859769,0.022117287
17880785,0.5235433
17888939,0.70747316
17899884,0.7647454
17908138,0.5875873
17914429,0.0326353
17958840,0.08584717
17979664,0.16899627
18000572,0.22795963
18029928,0.05929348
18032393,0.5715249
18126138,-0.017949045
18152172,0.5321522
18213223,-0.005581498
18213962,0.9099159
18230930,0.034580708
18256987,0.9236616
18263937,0.28945047
18293426,0.4155263
18321497,0.24609405
18344091,-0.034268737
18348644,0.60217416
18366978,0.065516084
18454528,0.93020654
18470346,0.70247406
18488176,-0.07381314
18501812,1.0914017
18528564,0.23952073
18562357,-0.16160059
18571719,0.51673055
18746693,0.9828962
18798580,0.18368754
18812819,0.16930217
18877330,0.26328212
18879570,0.8023616
18904103,0.5526849
18935419,-0.034545362
18935754,0.18195724
18965515,0.2472223
19006787,0.124895304
19031983,0.611935
19061005,0.8204351
19101727,0.84291685
19110007,0.04554239
19239257,0.18260166
19261311,0.6865999
19282673,1.0397036
19345776,0.3685403
19375709,0.34426385
19380379,0.19379184
19404141,0.23630345
19425991,0.41118282
19438089,0.8214065
19621396,0.9115962
19624198,0.7905284
19633697,0.025945336
19635150,0.8085443
19644719,0.375306
19652861,-0.04658842
19711526,0.62034225
19718389,0.110750556
19769561,0.19505078
19805868,0.65608394
19837712,0.14908937
19860515,0.32226354
19886336,0.13474932
19903269,0.24707976
19922031,0.4046154
19954875,1.0232522
19968378,0.71088535
20018771,0.28256088
20081482,0.44447914
20083809,0.654604
20160829,0.27427444
20161090,-0.012601972
20172188,0.48136517
20172819,0.46423525
20190882,0.22153208
20200542,0.56723547
20200583,0.32665133
20244690,-0.078927636
20254708,-0.096190035
20266038,0.22684285
20297899,1.0759442
20320139,0.8342936
20352822,0.08237389
20357009,0.064822555
20358875,0.30388004
20366336,-0.002103269
20370696,0.023225725
20371922,0.19821683
20381429,0.9208329
20387931,1.0011597
20391178,0.119103104
20467257,0.6553682
20524734,0.5013834
20539604,0.73934835
20580998,0.17630586
20614300,0.9517324
20636171,0.011781096
20645905,0.4418367
20646461,0.4007456
20698661,1.3084955
20784292,0.02945587
20789093,0.8303138
20795048,0.31530005
20852671,0.8605195
20881726,-0.0041220784
20910492,-0.117123604
20931581,0.22365981
20962886,0.33775723
20963156,0.51977503
20977835,1.046388
20984811,0.4692967
20993674,0.017394304
20995341,0.26724935
21002565,0.5590771
21019874,0.39588696
21077584,0.5632347
21143923,0.15325773
21153587,0.5062933
21215477,1.1382251
21227440,0.15843067
21248516,0.5583817
21262060,-0.13650006
21275495,0.5417539
21328244,0.13599557
21330554,0.8780044
21335190,0.19326022
21396319,0.096506
21489148,0.4932624
21493304,0.1382159
21512738,0.06359288
21527087,0.43739024
21632339,0.41558254
21638159,0.37216118
21717419,0.5872752
21770327,0.2414954
21835349,1.0780905
21842478,1.0010722
21859319,0.07049996
21865414,0.10033852
21869965,0.65242577
21871084,0.367962
21882934,0.41157806
21883222,-0.19885468
21888387,0.22747278
21940747,0.6686915
21947799,0.41925
21968868,-0.029064894
22000295,0.54129654
22061791,0.43988025
22147183,1.1617322
22161142,0.29236054
22162475,0.04036185
22179409,0.10560331
22199923,0.9525308
22203942,0.6975095
22235271,0.9570024
22242402,0.6368536
22255163,0.4895301
22331456,0.6011777
22333911,0.68922824
22338028,0.115698785
22364003,0.04924375
22407584,0.1130591
22435534,0.37690926
22490308,0.029257149
22490949,0.39990544
22544752,0.1983915
22576987,0.45970076
22617472,0.8648317
22665815,0.402829
22669958,0.39293808
22687518,0.87860394
22688666,0.10754675
22739382,0.28097412
22756680,-0.07009721
22771802,0.47460073
22772988,0.49092817
22787448,0.057502687
22850599,0.27368852
22986190,0.7842112
23014262,0.28203565
23015407,0.23023406
23030452,0.3987054
23031582,0.4061658
23060623,0.55062705
23097908,0.10446754
23160845,0.24523929
23175388,0.43505025
23188180,-0.07968539
23190416,0.33348596
23204999,0.06645796
23207606,0.16108528
23234918,0.34603682
23293291,-0.021116495
23303521,0.42960858
23329206,0.006694317
23329654,-0.34005255
23370346,0.1802423
23378995,0.84950817
23404507,0.54206204
23409492,0.42055103
23410682,0.72429
23414531,0.6233324
23427716,0.037718475
23513295,0.2385824
23524823,0.6794879
23529792,0.20990568
23667900,0.55375445
23690961,0.31784225
23696398,0.9553992
23702730,-0.13762158
23758146,0.786943
23833911,0.41706568
23834826,0.6953605
23840539,0.3342293
23849001,0.4164467
23878723,0.27115476
23912204,0.9318059
23924835,0.9463265
23940292,0.9086132
23942860,0.5212781
23993168,0.37570536
23999534,0.60364217
24048165,0.5126847
24076035,0.16526261
24076942,0.5351001
24105909,0.2240079
24114731,0.06105256
24119285,0.25729758
24133283,0.5619856
24140887,0.9940548
24186770,0.5859443
24201843,0.5918152
24224910,1.1882565
24250698,0.793592
24270279,0.029611588
24271809,0.042089194
24316154,0.39533278
24359783,0.32330292
24403379,0.81677485
24436367,0.5674747
24485988,0.4985345
24504312,0.28779784
24521666,0.16994604
24599321,0.8664964
24603771,1.0096635
24638488,1.0516999
24654877,0.24854344
24657317,-0.02080673
24675050,-0.07458043
24806693,0.6663554
24812943,0.783689
24825702,1.1116436
24840888,0.109485686
24864601,0.83207226
24885229,0.17273164
24915105,0.45291167
24951191,0.9170424
24953128,0.24341166
24965506,1.282983
24998223,0.6877033
25008534,0.30627844
25013975,0.83026403
25014745,0.76957476
25022645,0.11797458
25059462,0.84598595
25060635,-0.26228935
25063166,0.45283642
25075275,0.7915411
25092334,0.37691197
25174482,0.04046032
25203159,0.38156784
25227354,0.48146784
25252032,-0.08693963
25270793,0.6881627
25290690,0.50323385
25311951,0.38117108
25365246,0.3197962
25377986,0.7149739
25382978,0.39505386
25439154,0.28641248
25445257,0.627794
25446500,-0.12972647
25533019,0.685564
25533203,0.28822958
25537795,1.0100589
25588143,0.6079199
25607693,0.3490703
25607733,0.038602382
25726952,0.76066566
25734080,0.0969882
25773882,0.15701559
25793682,0.28905916
25826539,0.31369305
25850527,0.09714821
25850578,0.47166088
25867134,0.72556996
25935635,0.37094015
25979685,1.0229506
25992960,0.021225214
26044859,0.5443673
26055781,-0.0021990538
26057697,0.105942875
26113070,0.61118853
26138847,0.7036047
26140894,0.016447216
26147466,0.12168586
26175533,0.63258445
26215041,0.97782505
26285318,0.90585035
26314167,0.33032784
26340343,0.89823985
26342114,-0.026272357
26348533,0.9269949
26358410,0.84334385
26365005,0.47081506
26396464,1.0869946
26409535,0.22549534
26447342,0.16112524
26470034,0.2744677
26485301,0.40950513
26525546,0.39488852
26530363,0.5620211
26614582,0.77954197
26653245,0.4373074
26678456,0.27660125
26689827,0.7839271
26692453,0.12659621
26698770,0.2689336
26709486,-0.004030168
26746693,-0.14409256
26758611,-0.12250668
26847647,0.5579044
26863470,0.24848175
26952117,0.60085416
26972587,0.454565
26983288,0.2614639
27005693,0.5946506
27015970,0.0075812936
27048150,0.4740427
27071478,0.5825085
27087373,0.48707497
27133006,-0.056042373
27147002,0.4194149
27149366,-0.023712456
27151776,0.13423026
27222211,0.20735383
27233366,0.4877145
27248700,0.23086372
27255147,0.12214738
27264666,0.98587525
27282344,0.5256455
27322560,0.47562125
27328236,0.24171814
27338380,0.032387823
27428580,0.9521837
27445778,0.47696203
27558571,0.14611745
27583567,0.51101047
27589190,0.43642792
27591938,0.78139347
27592910,-0.09151596
27686598,0.8441392
27747387,0.10277638
27821848,-0.13585538
27911465,0.7158992
27966663,0.36552745
28008761,0.81720585
28014294,1.3520433
28035686,0.57283336
28051379,0.5587814
28057724,0.571174
28074722,1.0158584
28081323,0.07270098
28112647,0.15040603
28118312,-0.011521935
28168112,0.58864576
28212229,1.1334068
28257491,0.49450845
28336912,1.0023365
28339867,0.94399834
28396233,0.39157617
28400001,0.2301586
28423951,0.14950308
28434818,0.3695352
28444589,0.9285278
28463720,1.1265757
28551353,0.0959436
28557894,0.7819776
28564573,0.79207313
28565998,0.3126001
28606276,0.48749867
28725127,0.2746483
28759598,-0.130561
28781763,0.4457108
28783783,0.20729485
28786138,1.191901
28818415,0.36912334
28868771,0.75002956
28870141,0.28439337
28878220,0.19355655
28889897,0.7157588
28893182,-0.080612004
28933074,0.1746386
28934622,0.041051567
28976550,0.9718502
28982398,1.0076166
29010981,0.23312873
29011261,-0.06302142
29041434,-0.037753224
29053196,0.68033016
29087330,0.07129344
29099060,-0.1309892
29112408,0.45285675
29117858,0.40559542
29127439,0.40973133
29132189,0.23410511
29167135,0.36416638
29183544,0.3412953
29186944,0.36821634
29267573,0.18537411
29339434,0.685874
29353035,0.7033453
29403638,0.8641814
29442850,0.39877564
29458021,0.8075322
29493830,1.0681634
29505771,0.76948404
29551787,0.3216833
29576425,0.99561
29587179,0.30261156
29607953,0.60624397
29619922,0.5886555
29634031,-0.03849721
29709918,0.26824844
29735778,0.7032168
29765684,0.72734046
29786897,-0.22745353
29788602,0.057956696
29801711,1.0253402
29833434,0.94938695
29840382,0.3176729
29854751,0.0182828
29865481,0.7625663
29894123,0.60423017
29898390,0.53242284
29940715,0.836168
29967960,0.045123577
29973417,1.066865
29983674,0.5896612
30001841,-0.31119782
30006817,0.33213905
30079889,0.8063166
30085165,0.20317382
30111028,0.24080005
30125207,0.67980325
30141443,0.5077114
30168354,0.35159618
30172244,0.30276287
30195213,0.39720336
30264358,1.0759763
30283845,0.4989075
30285081,-0.07771993
30341243,0.46853918
30430588,0.8938595
30439633,0.3429687
30457443,0.18379107
30490199,0.26495543
30506468,0.089612395
30560785,0.7601006
30644657,-0.088240325
30697873,0.8480965
30699304,0.757622
30755081,-0.055920184
30831381,0.93797505
30834367,0.51082796
30840108,0.85846686
30844520,0.32396394
30848325,0.7849298
30876640,0.3995713
30921430,1.2887619
30938302,0.6785444
31003635,0.78793836
31044034,0.44278774
31069536,0.85644734
31100225,0.46202987
31151172,0.5195933
31156946,0.30987787
31177544,0.25003427
31183339,0.04548666
31205433,1.0216899
31208282,0.5250654
31240824,0.32799274
31267301,0.26482075
31279058,0.5402427
31295824,0.93367285
31301557,0.18303892
31306497,0.431458
31311421,0.15136069
31330652,0.033231348
31333924,-0.046288133
31340253,0.47006363
31360931,0.36279836
31364323,0.80679274
31401636,0.45161414
31457538,0.5539373
31513070,0.9818568
31625291,0.41171062
31637135,0.6126324
31693859,0.1596837
31696857,0.92652404
31792501,0.79251134
31810428,0.65487784
31812869,0.2341055
31835145,0.32003844
31876837,0.027223438
31886314,0.18496338
31931874,0.6992597
32036499,0.67942005
32054308,0.25686672
32092292,0.30233377
32112130,0.42154777
32161745,1.080495
32285354,0.43379614
32312405,0.120814145
32321307,0.81219816
32351128,0.9332322
32358446,0.7517287
32374506,0.99616003
32385319,0.58573174
32395275,-0.12820834
32404954,0.40329224
32429624,-0.07160914
32439129,0.23430693
32454609,1.0518093
32469456,0.10785684
32508187,0.39401236
32522184,0.6802963
32531135,0.5300398
32555286,0.04737863
32581473,0.55548203
32616105,0.3793205
32621083,0.18182638
32629580,0.14716
32632097,0.18666252
32633567,0.04228714
32634493,0.18581417
32645788,0.84940785
32704323,0.6817676
32713709,0.048561394
32731799,0.4045403
32859557,1.0295827
32894421,0.38486534
32960729,0.22070393
32976089,-0.23450834
33014890,0.23741439
33026740,0.40945378
33050170,0.6144712
33164073,0.34831893
33175070,0.05493048
33247582,0.60696745
33342698,0.073589444
33343185,0.79575217
33363936,0.37746456
33387370,0.28229386
33393472,0.31362864
33419986,0.24966669
33460128,0.4287731
33467462,0.46445626
33529423,0.9247632
33535313,0.45812252
33536824,0.2790066
33576170,0.5354153
33648292,-0.004633844
33666459,0.59623486
33732775,-0.039498568
33734077,0.24128392
33953111,1.0267737
33966960,0.58028334
33972779,1.078267
33973846,0.18868765
34036744,1.2353164
34176319,0.41585582
34179937,0.6699525
34189519,0.2512271
34223624,0.2061674
34234802,0.86016417
34352632,0.83655787
34362299,-0.0031258464
34398747,1.0080678
34456298,1.0024086
34489466,0.28207678
34629057,0.30734223
34688933,0.52685815
34691946,0.054589033
34715212,0.14700094
34756635,-0.25189847
34787585,-0.005988121
34806331,-0.10163528
34852168,0.49355724
34860405,0.44621664
34866080,0.09494993
34924644,0.15904436
34954694,0.8482373
34964311,0.06841493
34988175,0.4711519
35005722,-0.24395436
35082187,0.47605538
35138403,0.51284283
35172258,0.52088827
35184532,0.5796935
35247422,-0.18619579
35307259,0.0709382
35319172,0.9422262
35359347,0.15923136
35414109,0.7360358
35448726,0.37499636
35492706,0.4374819
35511212,0.59921396
35516031,0.11469817
35549929,0.2430403
35553603,0.43560106
35624532,0.08884442
35643572,0.7920805
35650432,0.60353506
35663901,0.4936767
35709310,0.1121884
35759014,0.45208257
35803543,0.22179449
35822286,0.38234347
35845743,0.1250219
35849054,1.0289338
35858905,0.50971144
35866332,1.2798278
35868459,0.28031594
35905456,0.7271471
35941928,0.36562893
35953316,0.3639084
35972896,0.8342838
35991697,0.3126104
36035955,0.19208026
36092225,0.40595528
36092410,-0.04658532
36117188,0.48361382
36153872,0.4292977
36162951,0.6528435
36187587,0.46191484
36305254,0.462218
36458534,0.6771887
36482800,-0.024167418
36502881,0.99734235
36517351,0.034209788
36555105,1.066369
36557220,-0.108175814
36564741,0.57498896
36592809,0.72983193
36619588,0.35043782
36623340,0.80291295
36659899,0.4275452
36661620,0.190018
36671915,-0.08933169
36701802,0.6131251
36713930,0.43412238
36759361,0.7985561
36775363,0.4974174
36837532,0.38840276
36865104,0.6851716
36881891,0.9409821
36951274,0.29292715
36953699,-0.026977122
36953929,0.54478484
36964057,0.7535775
36973559,-0.07908893
36981135,0.6240715
36992402,-0.06259769
37096892,0.7881973
37156682,0.44088566
37172387,0.1700795
37177066,1.0463321
37245184,0.27131462
37257010,-0.14298415
37264362,0.09907624
37287632,0.49783278
37300700,0.3558578
37338139,0.26840967
37350713,0.4789707
37353898,0.6112851
37356584,0.3606544
37377974,1.2127631
37399762,0.614195
37407799,0.6125948
37431906,0.3848589
37433974,0.71696895
37436581,0.5434141
37454994,0.25553548
37466831,0.2377058
37542561,0.57736236
37618982,0.7998292
37632574,0.92393816
37690416,0.88000077
37714083,0.43774006
37784855,0.36292982
37849382,0.6156017
37863592,0.30333373
37942288,0.38684368
37945354,0.25623
37949420,0.12331399
38041857,0.87023413
38073232,-0.05962342
38120939,0.55704266
38127370,0.5986549
38149474,0.49851486
38191730,0.60837317
38209893,0.16293278
38225348,1.2226864
38251376,-0.01718247
38506334,0.19408113
38598826,0.1695494
38634695,0.4330994
38648487,0.059332788
38657843,0.048796088
38659969,0.52478683
38685392,0.30644345
38688842,0.7871505
38689095,0.17015743
38691781,0.5450043
38738876,0.98193187
38809278,0.19605383
38819489,0.27095014
38880162,0.14773667
38928200,0.6131893
38946152,0.8484396
38971633,0.045513272
39015287,0.5044196
39156769,1.1943002
39170539,0.65093786
39171733,0.5602214
39186671,0.5360125
39189321,0.11712456
39214736,-0.06833249
39216943,0.0916768
39222949,0.4228922
39226483,0.4101039
39295714,1.346381
39310095,0.960777
39351532,0.09532291
39354399,0.09950772
39358235,0.61607367
39510774,0.5416287
39529801,0.7761353
39548937,0.04475209
39559389,0.39098448
39561022,0.36646554
39653282,0.0814462
39656203,0.14278221
39668351,0.78947353
39697437,0.41826573
39727926,0.040688604
39777595,1.0567238
39839813,0.16216776
39860986,0.03468004
39863485,0.7262628
39887047,0.36101055
39893238,0.8023132
39919267,0.36800742
39955603,0.7905085
40020227,0.67594695
40027989,0.3730732
40072019,0.43135828
40099421,0.4409669
40122429,0.9123428
40132925,0.0846895
40133287,0.028860837
40139325,1.0182974
40143664,0.8886462
40157852,-0.029667616
40190777,0.4487512
40215179,0.14682642
40282390,0.34377915
40289546,0.82348025
40295622,1.3467826
40340012,0.42791525
40383983,1.1599928
40400496,0.23696694
40425759,0.06386334
40492336,0.53503025
40493306,0.514198
40495786,0.4634908
40532686,0.14691454
40538394,0.35242692
40544411,0.39654312
40595641,0.45069432
40659220,0.12489542
40676839,0.0972071
40703171,-0.039397836
40746179,0.2562009
40758429,-0.05811268
40831123,0.5443299
40864017,0.8036627
40949707,0.51770383
40979729,0.7725822
40996596,0.7247694
41077349,0.650841
41089888,0.92301905
41115094,0.48312548
41214068,0.17391723
41218578,0.8692539
41220999,0.053323895
41289120,0.51211977
41313766,0.19269726
41326260,0.33346844
41359098,0.83933794
41391145,0.17740914
41393715,0.13802707
41439986,-0.3188998
41452342,0.41149467
41473142,1.1387656
41564128,-0.12118417
41602678,0.22583511
41629286,0.21677145
41665012,0.035288066
41708415,0.7309851
41764042,0.44553304
41846184,0.5812301
41867930,-0.120602965
41880269,1.038944
41904626,0.74754536
41945496,0.66371167
41965418,0.15963566
41967614,0.39696717
42018297,0.39141035
42024119,0.7793158
42036396,1.0398958
42065452,0.6448272
42073636,0.0392552
42118302,0.7992748
42121332,0.3268373
42145298,0.5694876
42212106,0.7119542
42224807,1.321238
42235367,0.20556742
42316195,0.5511756
42348677,0.8453202
42358512,0.04251322
42393167,0.42392236
42426678,0.92881525
42445381,0.7498969
42450881,1.2691526
42472185,0.78205323
42535898,0.06435847
42571629,0.42649966
42577027,0.35083526
42583209,0.27361608
42640091,0.5154441
42641019,0.62550795
42689265,0.24896672
42712944,0.045737356
42828657,0.042161494
42840212,1.0805845
42860196,0.23889244
42896093,0.6223379
42911253,0.8028052
42947433,1.2085607
43021002,0.48963472
43030014,0.77956074
43035727,0.20038185
43045074,0.4321983
43046245,1.0837553
43074437,0.16284561
43100750,0.18372816
43124703,0.45779836
43175913,0.21218324
43184017,0.5379195
43192812,0.7146279
43214130,0.022245407
43243495,0.33157107
43280099,0.64276123
43300058,0.05616525
43325162,1.1055202
43346854,0.7854259
43433125,0.12838516
43453996,0.07171637
43467285,0.2192058
43506003,0.90311253
43506939,0.6992846
43556246,0.971972
43633440,0.70910406
43669023,0.32164782
43730931,0.97778726
43751504,0.5940601
43753351,0.1941678
43801606,0.58547693
43801813,0.2759685
43806960,0.50249463
43821173,0.10736787
43835016,0.38177067
43869219,0.15218478
43907938,1.1843561
43916963,0.6431758
43918581,0.68895876
43941597,0.554758
43957579,0.08243021
43962104,0.116683304
43968005,0.16189566
43985545,0.50138456
44029891,0.055089146
44060212,0.16537285
44103933,-0.115053415
44124299,0.16514981
44130839,0.6509207
44160245,0.76360214
44199037,0.1867975
44199795,0.59440804
44274164,0.5710015
44284908,0.5443581
44319799,0.27173325
44325600,0.9353656
44416819,0.39394903
44455642,0.28731173
44464397,0.96218956
44466557,0.60277253
44495229,1.0408542
44515592,0.3391919
44521922,1.0698842
44570920,0.7189276
44581567,0.6646838
44593028,0.2595449
44632666,0.26483887
44632825,0.9387065
44662423,-0.08623785
44666684,0.6894442
44680427,0.70312244
44708064,-0.029526412
44714700,0.6747089
44733932,0.3207702
44758820,0.325933
44771419,-0.16237044
44772204,0.014932454
44829111,0.3019534
44859190,0.8245387
44865192,-0.11026114
44900801,0.34934792
44933464,0.43680397
44953616,0.19384056
44982602,0.21008772
44995851,0.23829103
44995890,0.657617
45082517,1.0835736
45114388,0.33714628
45173444,0.20584199
45203352,0.72196877
45211171,0.060367584
45225176,0.28177047
45339969,0.74291545
45340584,0.49991208
45348722,0.23307118
45427100,0.13863236
45431238,0.40829167
45459901,0.49349132
45482726,0.045063674
45510423,-0.04316634
45512022,0.19914702
45516707,-0.03513086
45525762,0.21778318
45532887,-0.08090687
45557459,0.94625247
45567492,0.24992281
45575726,0.05035302
45600604,-0.02984345
45646491,-0.013705313
45659157,0.60674536
45691735,0.06967226
45696212,0.2923438
45701606,1.0425789
45702843,0.2929976
45709137,0.2017447
45757089,0.458244
45758154,0.39516872
45761613,0.631677
45772959,0.22171518
45846624,0.50479066
45882698,0.13677979
45885513,0.010593146
45897442,1.0831013
45951692,0.5612517
45959906,0.11773968
45982409,0.34602547
46037128,0.6688215
46062086,0.24813068
46074662,0.48070037
46110124,-0.12804091
46134404,0.13187152
46134994,1.1418447
46142955,0.61243147
46148987,0.13038623
46217685,0.05937791
46259146,0.3970748
46270513,-0.119612575
46314531,0.96289635
46354312,0.2428515
46355843,0.18545061
46366568,0.46174058
46377895,1.0496285
46392653,0.52324265
46413661,0.3141737
46519103,0.3466351
46573779,0.23757342
46581047,0.7682611
46606761,0.7661386
46698940,0.49057573
46705143,0.7113408
46740639,0.08766213
46783234,0.2454868
46812240,0.045056194
46890366,0.4431965
46911385,0.30061603
46949310,0.18256855
46982480,0.26996323
46992221,0.605926
46999340,0.9532605
47056744,0.9346428
47117781,0.09294757
47160860,0.99124336
47169483,0.1817661
47170303,0.46425733
47173984,0.38989162
47263147,0.61941195
47304072,0.049601078
47328757,0.36549586
47350031,0.054083675
47365105,-0.041532457
47403260,1.0387602
47409590,0.4895844
47429651,-0.037409425
47446562,0.13346416
47446589,0.99724996
47450374,0.8127199
47474125,0.5264391
47490635,0.045856982
47570953,0.15261438
47589106,0.32018125
47607230,-0.08350855
47618927,0.102297306
47652409,-0.19682837
47742763,0.41995606
47812425,0.49219704
47852172,0.5670117
47895869,0.79777014
47937805,0.18219155
47960112,0.4821369
48023957,0.443335
48026850,0.28846377
48038681,0.19426656
48047924,0.015975624
48048713,-0.04733932
48098545,0.2986282
48150301,0.15614879
48156344,0.8223531
48172242,0.6876854
48198100,-0.07655722
48224220,-0.1162833
48241710,-0.0018892884
48259494,0.2865093
48289042,0.15063336
48303453,0.2222791
48417683,0.5834555
48493498,0.3682559
48503602,0.26213795
48611938,0.70979714
48629324,0.11462933
48644905,0.050571173
48655419,0.0937483
48675742,0.45730263
48719830,0.785342
48746395,0.16452077
48755198,0.16227344
48765335,0.19735608
48770474,0.8770707
48771470,0.65573347
48802270,-0.0253402
48805691,0.09952617
48857176,0.19505048
48895853,0.37257975
48923266,0.59449685
48925997,0.3757159
48931494,0.39506686
48971428,0.2954291
49009430,0.18727207
49035738,0.15528029
49061170,0.49318066
49078030,0.82800996
49083661,-0.08699685
49095286,0.58162326
49111108,0.11679113
49114415,0.15082213
49141264,0.59291375
49163174,-0.07064229
49182911,0.23141253
49220108,0.3958323
49238238,0.2365008
49254761,1.3760467
49285735,-0.25383997
49288762,-0.25036776
49290573,0.304771
49314147,0.1891765
49339691,0.88573146
49365990,0.29612795
49386123,0.42956877
49400049,0.59998184
49463493,0.52749914
49465640,0.93111724
49502156,1.0300491
49543927,0.36093068
49572519,0.6136988
49599491,0.63241166
49600907,0.2576928
49604034,0.53563607
49605134,1.0249423
49637817,0.09267488
49648180,0.23308438
49697655,0.41810974
49704666,1.1207713
49749306,0.017442405
49787865,0.8649376
49815462,-0.10416436
49867312,0.8411405
49876971,0.5433051
49895677,0.5723885
49903756,0.31016952
49917050,0.21917412
49929502,1.2432127
49979298,0.5255443
49980897,0.49923173
50000543,0.4239966
50032971,0.11686921
50034854,0.5364165
50068531,0.29021895
50082056,0.4372865
50116864,0.31883618
50130368,0.45212233
50185359,0.6796946
50188105,0.4640947
50188702,0.556537
50194173,0.29504216
50244445,0.55701417
50246189,1.0532526
50281345,0.94936514
50281633,0.20104891
50340227,0.7213661
50371871,0.38626236
50389406,0.4215998
50423414,0.25109744
50571226,0.353691
50594749,0.22924191
50598019,0.533039
50606306,0.060559034
50628612,0.3907992
50677956,-0.13291192
50707517,-0.10324204
50734471,1.0601428
50797491,0.6890281
50825253,-0.16390318
50921161,0.37790197
50988636,1.0027081
51025144,0.28404546
51059596,0.20758757
51070933,0.5184513
51189320,0.385981
51314893,0.69610554
51324138,-0.0063655972
51333196,0.25519997
51392158,0.68456954
51413878,0.43840903
51464163,0.27409476
51468263,0.55168325
51468266,0.121100485
51499900,0.22237253
51543682,0.04883471
51549457,0.89148897
51553625,0.17661971
51615730,0.72857887
51619523,0.60027456
51641762,0.6992513
51643659,-0.04820758
51734050,0.30755785
51740699,1.0379384
51745515,0.29961893
51822302,0.36862385
51838392,-0.064226806
51839664,0.47666076
51845087,0.76016915
51861640,0.46468043
51886931,0.521457
52091338,0.17289767
52131601,0.76338863
52164822,0.9151151
52175576,0.5078075
52216376,0.3688687
52275965,0.4620865
52340213,0.90800226
52358368,0.06782654
52382187,0.7913873
52424807,0.59684557
52433000,0.27603215
52489320,0.5294164
52518753,0.14974645
52549295,0.5562959
52575122,1.1996822
52586875,0.097845584
52588558,0.63826
52591439,0.24866542
52594600,0.7809798
52612001,1.1248052
52623227,0.30172884
52636150,0.6716698
52658741,0.5423832
52659936,0.765184
52662094,0.7768322
52685147,0.36788976
52740417,0.11124918
52749529,0.12537879
52802973,0.20421618
52823541,0.026589334
52840860,0.3833571
52874920,0.8261933
52920077,0.54359734
52942037,0.572548
52999771,0.5749778
53010322,0.23096475
53053662,0.12317425
53056498,0.106015205
53094781,0.15780526
53270690,1.2040229
53275229,0.41213882
53355085,0.83366823
53361712,0.21172565
53430793,0.28165644
53443876,0.32772166
53456419,0.5573929
53468179,0.73985434
53470175,0.3237577
53492952,0.22350606
53522229,0.19177723
53551644,0.19375536
53589977,0.04523495
53610753,0.16873482
53653672,0.48524633
53742244,0.89002097
53748811,0.8699528
53754591,0.008701742
53755004,1.0003636
53796916,0.8645146
53799749,0.12048745
53817387,0.5520841
53818229,0.74113417
53848566,-0.30961627
53882112,0.58889174
53889389,0.913219
53901395,0.41826445
53923485,0.13244379
53930440,0.2616927
53931678,0.41987187
53979285,0.39573473
54002443,0.5751764
54007135,0.4218253
54022699,-0.08983302
54029679,0.9289047
54047312,0.47674602
54083546,0.0035448968
54096213,0.7356528
54129921,0.35447383
54130460,0.767617
54209192,0.9020442
54236542,0.008470833
54281801,0.92624813
54372604,-0.11671674
54378637,0.32176414
54418606,0.40795383
54421340,0.8417114
54439127,-0.05077964
54441407,0.40322262
54460104,1.0925869
54485932,0.5638058
54491451,0.39005733
54518053,0.6782229
54555974,0.32930446
54741237,0.9136007
54779436,0.24736339
54889824,0.841202
54982898,0.5862182
55003434,0.018615454
55013765,0.3417896
55038839,0.17811441
55048771,0.8579253
55076114,0.19348449
55083943,1.0362303
55088715,0.13969389
55108009,0.7885628
55115986,1.0172565
55155321,0.46994263
55185794,-0.031528592
55192578,-0.09527141
55199234,0.5367862
55221263,0.8912289
55234961,0.37057102
55251709,0.48067704
55253976,0.20250502
55271010,0.47982433
55357207,0.5860554
55358788,0.1154443
55369363,0.44351798
55388963,0.44983208
55418175,1.0923089
55483265,0.42130625
55529265,0.9979288
55534785,0.9440891
55541324,0.16155303
55552772,-0.36413604
55586299,0.16213065
55651106,0.85628164
55675702,0.89651054
55708924,1.010465
55713164,0.41411436
55746723,0.5002899
55762156,0.081011385
55793767,0.5158871
55799185,0.38849676
55838594,0.71776736
55864383,0.54540855
55875274,-0.07380712
55878885,0.2761888
55919477,0.5973271
55943826,0.17393175
55961571,-0.20882702
55996916,0.4371923
56000334,0.18417469
56012853,-0.03240305
56017905,0.4671959
56075018,-0.010562301
56086567,0.84901047
56101679,0.45351806
56129260,0.9992294
56159156,0.5467005
56179132,0.98489475
56187152,0.09738845
56196393,0.7313115
56198812,0.14332554
56220704,0.6923555
56228080,0.42644957
56342135,0.31997222
56389592,0.8874052
56419413,0.50948036
56420052,-0.25265855
56422922,0.9618397
56439236,0.24752572
56485020,0.7227647
56486360,0.575655
56519127,0.64266545
56565030,0.46536943
56578583,0.12772727
56589562,0.8147463
56606368,0.18404335
56709831,0.70996076
56755639,0.33116677
56763587,0.32900518
56783348,0.9091792
56783691,0.41594484
56786565,0.70518064
56794966,-0.09860909
56818375,0.18736133
56887029,0.42727605
56936197,0.89378786
56937730,0.5274454
56939523,0.48925847
56980102,0.26690355
56988646,0.5154204
57006070,0.627066
57042441,0.0826551
57045393,0.5956839
57050358,0.43190777
57070076,0.50360185
57153147,1.113137
57215636,0.5782895
57220983,-0.23982197
57249461,0.39237228
57288373,0.2596736
57293688,0.18425855
57295414,0.30811095
57309825,0.5733697
57375958,0.036162287
57451464,0.836097
57512566,0.118115485
57591916,0.819016
57595813,0.4075645
57604938,-0.11452484
57665351,0.18335065
57690486,0.26838645
57749040,0.44763145
57753982,0.31593528
57757650,0.1104531
57775609,0.755271
57823642,-0.029914975
57847550,0.40352494
57850427,-0.10881311
57886259,0.08005875
57891135,0.73786175
57919012,0.5173602
57928592,1.254657
57945406,0.45932865
57948758,0.64968336
57984645,0.55897427
58004721,0.7172981
58006798,1.0573204
58021788,0.4013603
58023930,0.61314917
58038456,0.16516954
58040316,0.26650774
58046523,0.07236099
58075552,1.0807874
58082547,-0.06653941
58084771,0.71795404
58163794,0.47934914
58199695,0.40963048
58266143,0.3871135
58355955,0.78530097
58444075,0.58807445
58473772,0.26779297
58587337,0.2379221
58609411,0.21524104
58610022,0.7592269
58691571,0.4233041
58713656,0.93049085
58754755,0.97842973
58822685,0.31948286
58838122,0.080432355
58849512,0.6372778
58850590,0.8119714
58851931,0.29952413
58927964,0.8998617
58939019,0.0048389137
58979178,0.16685194
59001640,-0.08748996
59053159,0.93687236
59074588,0.673721
59149631,0.4414501
59167103,0.2777813
59211382,0.3435464
59233664,1.0459707
59298345,0.7307585
59313494,0.1557112
59349430,0.050929636
59396928,0.35801736
59447114,0.018975258
59500358,0.31711385
59561460,-0.047491014
59612277,-0.056811333
59624852,0.026642472
59627043,0.2921481
59651963,0.73123676
59709592,0.015459657
59723709,0.6594625
59728965,0.5895679
59763029,0.03487718
59818124,0.26735526
59836870,1.1415601
59839451,0.16053724
59848566,0.47806907
59863981,0.44616044
59867751,0.62839615
59871591,0.8077946
59880944,0.1844888
59912360,0.43390623
59956175,1.163954
59994859,0.23230222
60004384,1.04441
60026690,0.042944342
60029265,0.74195087
60037001,0.047379136
60046225,0.43155485
60064419,0.30431706
60070226,0.11714077
60073858,0.77591836
60111796,0.37912983
60130204,0.9036014
60145396,0.29504716
60183563,0.2229177
60185978,0.73549455
60228118,0.08328077
60248313,0.3170593
60309698,0.7517714
60320033,-0.07684815
60340891,0.9099773
60374532,0.27687272
60405817,0.6279253
60434712,0.63073725
60446415,0.08103892
60516576,0.36930406
60525551,0.061294854
60545607,0.4328219
60708146,0.571729
60743141,0.06701794
60743656,0.57623917
60751900,0.52386624
60791671,0.7618002
60859745,0.04554206
60895734,0.70110303
60922466,0.10364926
60944935,0.15874827
60953316,0.4067573
61009373,0.13464403
61016907,0.021396786
61034383,0.56308216
61077537,0.94792116
61078488,0.20898405
61123305,0.015409976
61133128,0.70704466
61145296,0.16991952
61192669,0.980041
61197025,0.30221564
61225878,0.00597018
61244703,0.17966798
61287858,0.5136405
61301814,0.26039967
61312532,0.42125633
61317308,0.40803438
61324530,0.6102208
61335203,0.13083532
61385934,-0.28625053
61436963,0.41349033
61444633,0.6975255
61455368,0.4901253
61463117,0.5880264
61463328,0.03371072
61511533,0.041122496
61520864,0.85878706
61542297,0.89320517
61561173,0.07107264
61598535,0.27504224
61613971,0.13737434
61628505,0.17342499
61630225,0.01528424
61710092,0.5085071
61713959,0.5705609
61715380,0.26834553
61733281,-0.025631785
61758325,0.4357238
61774332,0.54869705
61781661,0.135306
61783531,0.048735052
61796054,1.3338025
61799579,0.031893283
61813188,0.30063286
61845978,0.6147032
61853422,0.30849534
61942604,0.43127352
61968077,1.0412643
61978280,1.0602064
61990441,0.45877078
62001381,0.60084593
62030642,-0.1375429
62044192,0.8413625
62052075,0.5701755
62140553,0.094531626
62155762,0.42589813
62168921,-0.11766803
62186405,0.52286124
62245522,0.7636494
62258087,1.0197783
62309471,1.0337524
62337080,0.36856169
62353531,0.51508415
62379003,0.39969957
62408292,0.79133326
62408586,0.7507143
62423418,0.35668552
62427467,0.7193422
62434324,0.38536566
62509484,0.65165263
62572152,0.9296433
62586401,0.7462624
62598132,0.6712012
62666744,0.041015744
62679832,0.3398978
62727101,-0.023925006
62745906,0.998142
62752982,0.49780092
62760931,0.060872942
62778413,0.3387956
62821040,0.7296793
62832400,0.11984676
62886702,-0.026679993
62903374,0.36730212
62935972,0.23360562
62941427,1.1099919
63022546,0.33774155
63030316,1.268702
63109769,0.60400754
63110013,0.27689952
63114071,0.5728797
63133456,0.23985428
63144428,0.10453731
63146105,0.11392537
63233186,-0.03578067
63254157,1.0828104
63265381,0.37993556
63273720,0.55768126
63281295,0.09546518
63299169,1.3077598
63304022,0.006651014
63387944,0.2697922
63389358,0.4127628
63394997,0.34132773
63445893,0.63320935
63451946,1.0167577
63474988,0.94323635
63476418,0.5081685
63481603,-0.0454219
63532469,0.5153302
63578851,0.5200534
63581453,0.31939107
63640377,0.124033004
63654730,0.31200802
63660394,0.2901308
63661024,0.13433734
63688905,-0.06285304
63711780,0.20092168
63720618,0.63957804
63738439,0.24781689
63770741,0.5304862
63791366,0.9748213
63801566,-0.075674295
63815810,0.0840503
63833221,-0.0155495405
63842332,0.5907122
63850645,-0.14738232
63852015,0.43510807
63862815,0.64214784
63879297,0.45549172
63880907,0.10617873
63886354,-0.03163749
63923246,0.5247872
63944126,0.20752776
64004910,0.3090477
64017478,-0.18924868
64026830,1.1311418
64029834,0.63588005
64056554,0.6316477
64070636,0.20361254
64087631,0.2070241
64128304,0.7295168
64136501,-0.050786376
64152962,0.49175376
64172822,1.1977274
64228662,0.53141606
64243199,0.32702777
64261604,0.21585363
64312830,0.04711309
64359200,0.33637923
64398432,0.33372974
64410602,0.13422653
64472759,0.19781584
64497822,0.9905829
64510946,0.12513459
64568634,0.22223958
64612686,0.11207676
64615129,-0.15086925
64627292,0.07050282
64634486,0.53459626
64647717,-0.09258282
64689367,0.6111572
64694340,0.8564395
64700052,0.3621336
64718123,0.08874303
64727059,-0.21943462
64756863,0.99198174
64772015,0.38120693
64829915,0.28869092
64855819,0.14221933
64862509,0.03775108
64879985,0.22865039
64887559,0.116968185
64952541,-0.22180271
64956931,0.32497552
64977335,0.22660094
64980975,0.067700505
65015384,0.5288165
65082603,-0.18372238
65102839,0.2957186
65105434,0.41398263
65154523,0.4254283
65158867,0.4934324
65218458,0.3576491
65220358,0.2188682
65220466,-0.32106972
65224677,0.49737805
65231233,-0.104770064
65234865,0.743295
65283526,0.66109526
65298387,0.23002294
65309740,0.542561
65335407,0.76206475
65335641,1.1718881
65384696,0.5722378
65393099,0.45851243
65423932,0.25571066
65460714,0.41140842
65460931,0.32510215
65526075,0.25327188
65608139,1.180081
65639862,0.24721506
65658944,0.32872042
65734444,0.504877
65745245,0.14004827
65758751,0.39032206
65876954,-0.0741415
65891854,0.050283045
65933176,1.0892813
65945953,0.019992828
65956325,0.2770304
66061266,1.0604782
66096689,0.30158806
66119425,-0.1520341
66143775,0.5308729
66146116,0.0426746
66171394,0.31769246
66190992,0.17373046
66206996,0.80794454
66227697,0.32592165
66241278,0.6517822
66256416,0.54375035
66287048,0.5519227
66367958,0.4339356
66372978,1.1068935
66391854,0.95950615
66418902,0.99897957
66434526,0.521836
66495185,0.67609483
66532772,0.3014599
66557169,-0.012273729
66575542,0.17236704
66588178,1.0488082
66628884,0.14488652
66679335,0.35208848
66714675,0.83491063
66717911,0.2182017
66738934,0.9234054
66743297,0.28959846
66751696,0.24831873
66802399,0.5050244
66813517,0.27957827
66838542,1.154566
66843516,0.4922728
66864421,0.47675824
66894927,0.8514172
66956350,0.06603345
66986757,0.8109566
67014164,0.60703814
67080684,0.5871509
67087438,0.34357214
67088724,0.32350612
67106063,0.15456307
67175981,0.971071
67216029,0.5230491
67257684,0.78202033
67271436,-0.006659627
67280871,0.5034934
67327004,0.64281267
67334854,0.26758915
67383663,0.14373761
67453486,0.27635005
67473291,1.0951381
67480620,0.23179162
67595521,0.46032548
67596113,0.26722613
67628722,1.1200378
67642602,0.96703315
67650676,0.16371357
67665729,0.21721205
67680924,0.42298436
67710245,0.5500919
67715187,0.3194518
67761403,-0.045235336
67818644,0.36151582
67828097,-0.1346978
67843345,0.3565495
67874003,0.9988005
67881606,0.33624434
67939153,0.5611001
67945756,0.14830786
67948907,0.12058213
67984042,0.32345325
68051153,0.6196834
68089024,0.84703726
68090845,0.4171527
68123922,0.5817367
68173839,0.6902961
68178858,0.7688978
68191064,-0.026953995
68234295,0.9696169
68248010,1.031606
68257594,0.13226226
68273832,1.0429864
68326027,0.95925415
68368659,0.20391318
68371332,1.0372329
68393589,-0.103996694
68399884,0.23671713
68428305,0.22811171
68540284,0.74806833
68600759,0.66223365
68651573,0.24545422
68742453,0.010168999
68753997,0.61260694
68779832,0.22691292
68799656,0.12551278
68800304,0.7117351
68824824,0.39906824
68845980,0.12102872
68874729,0.17052174
68885379,0.05633858
68961483,0.7819218
68961647,0.94548154
68988272,0.3073293
68993750,0.2674166
69057138,-0.009053886
69086434,0.69415253
69131449,0.70905334
69132063,0.47041914
69142971,0.6770706
69148229,-0.070319414
69200489,0.46015978
69202436,0.052123517
69284063,0.3740732
69313142,0.30397958
69401263,0.84086424
69447665,0.4870003
69487700,0.4189018
69512175,0.29529348
69524587,0.074995816
69546316,0.40697956
69586432,0.33139145
69587520,-0.23162258
69609386,0.42438015
69613297,0.34158766
69628963,0.3169223
69639969,0.70284396
69683810,0.23377025
69693001,0.4798125
69705190,0.71105516
69711372,0.68413275
69715217,0.2641191
69765249,-0.10317445
69781882,0.4868114
69782822,0.53811336
69868888,0.4064006
69886005,0.37647656
69925212,0.35576886
69973522,0.63153535
70027904,1.1662593
70050692,1.0288649
70067992,0.17491883
70114420,0.27652177
70128202,0.20007193
70143123,0.08480984
70168817,0.71068007
70178916,0.6781446
70207491,0.5921406
70225938,0.31615764
70255884,0.80934876
70259852,0.346309
70277633,0.42938823
70302931,-0.0032988787
70306450,0.4377167
70323790,0.90778494
70326821,0.2992041
70360096,1.1294686
70391198,0.81103814
70420440,0.48152265
70426342,0.7445018
70431954,0.8281101
70454187,1.106965
70473209,1.0691757
70486266,0.4021255
70502896,0.16738492
70510571,0.8698438
70525253,0.13031724
70532099,-0.12433362
70570397,0.87912977
70585961,0.9124328
70624880,0.009531498
70635851,0.262196
70666604,0.8239466
70678764,0.05163616
70690635,0.85489464
70711430,0.3381961
70734869,0.7775227
70738904,0.9125533
70749151,0.47294232
70756441,0.18906388
70790743,-0.053037524
70819605,-0.012217581
70837587,0.97838855
70848169,0.4979584
70883403,0.07428819
70888346,0.6586839
70892549,0.37286907
70892783,-0.26070583
70895667,0.77749634
70921924,0.5426533
70930381,0.18674237
70939175,0.58557594
70972809,0.67418915
70982049,0.35669032
71000193,0.6689228
71118529,-0.08012003
71160914,0.18720019
71172808,0.59129894
71190411,0.52136844
71211832,0.79385346
71213789,-0.012649119
71225839,-0.054568708
71256126,-0.058946252
71263781,-0.009731591
71311316,0.45056552
71466187,0.066490084
71471760,0.052521974
71485222,0.25507686
71513657,1.3831804
71516645,0.27781385
71549503,0.3785658
71577803,0.35436663
71599076,0.3456161
71607343,0.61497205
71632352,1.3066124
71644043,0.21677339
71646377,0.41366202
71648241,1.0162122
71654211,0.79527307
71719624,0.44969493
71746746,0.29984325
71759640,-0.0008289218
71763484,0.69370615
71803482,0.539481
71812094,0.25070643
71835764,-0.0519163
71865788,0.4065762
71867287,0.414016
71874115,0.37201047
71902723,0.13805029
71911679,0.441466
71922409,0.24390247
71966532,0.09984419
71982064,0.26711994
71996109,0.5108384
72033624,0.9396421
72078831,0.23418853
72087231,1.049613
72099201,0.6956619
72107908,0.5389648
72149080,-0.03636515
72188664,1.0444746
72200763,0.10094437
72224381,0.088321924
72301958,0.45131662
72327046,1.4133911
72430383,0.8173766
72469614,0.34596884
72470388,0.6517333
72530373,0.31051725
72534932,0.21451107
72547488,0.21634838
72566501,-0.047061563
72568668,0.61193824
72570760,0.30437946
72575284,1.0072105
72576023,0.04224643
72577730,0.0142866075
72586209,0.38778245
72605688,0.28782958
72617904,0.7985213
72646455,0.45359376
72662346,0.45849317
72665325,0.7736842
72674186,0.6859138
72735622,0.032053918
72760153,0.9291303
72780460,0.5136527
72802446,0.47373128
72805553,0.3688566
72805662,0.03150645
72818498,0.29205167
72834202,0.781423
72851893,0.34285444
72855316,0.15144324
72896314,0.7240714
72908719,1.0316982
72921986,0.7971089
72943900,1.3235227
72956635,0.32862014
72959227,-0.02397257
73001101,0.3017106
73006095,0.58205473
73020625,0.17447698
73024764,0.23201692
73025235,0.3832761
73031784,0.74951136
73033241,0.18200168
73067127,-0.009575963
73110554,0.53484595
73117692,0.17935812
73139150,0.32414234
73182529,-0.0048531294
73197097,0.5674077
73197417,0.030329138
73205353,-0.12686181
73221113,0.49884695
73227910,0.46568185
73238226,0.66629285
73257334,0.3681063
73263137,0.2902471
73263344,0.6195691
73300172,0.14438948
73374980,0.8482921
73380812,0.51051533
73402777,0.24900869
73426176,0.63710207
73448532,-0.28288168
73459433,0.480489
73474493,0.49285254
73510477,0.5605333
73538858,1.0615695
73580357,0.21889812
73584882,0.2016477
73599818,0.67516136
73649979,0.5191051
73685445,0.14972645
73778310,0.5321469
73778579,0.0022460818
73895152,0.8080288
73963911,-0.05267179
73972092,0.6721941
73985249,-0.18338156
74040897,0.69348675
74041795,0.0033775568
74082471,0.20299888
74085720,0.12714696
74129296,0.4548143
74132202,0.1015152
74134155,0.19221163
74144325,0.9781336
74173548,0.51089245
74218826,0.44133317
74280926,0.7230835
74285914,0.18402812
74331777,1.054399
74332639,0.2717316
74351422,0.43324953
74428668,0.47752
74476679,0.797917
74619328,0.187938
74639060,0.42063108
74667149,0.29416424
74708086,-0.08937532
74760028,0.012686312
74800099,0.83240116
74854618,1.2163281
74856664,0.111672014
74870263,0.46632838
74878201,0.63941014
74917343,0.2900948
74942122,0.97655857
74951485,0.91461796
74975576,0.24116427
74993422,0.6693612
75078586,0.057625324
75082331,0.46248925
75101515,0.3539145
75131411,0.2070499
75152402,0.88298583
75156736,0.9336791
75215258,0.3786016
75278479,0.18807653
75346002,0.4139918
75360806,-0.024612904
75405781,0.74148124
75405930,0.32372797
75439876,-0.08420706
75445093,0.79427946
75463975,-0.014913917
75472683,0.28603333
75474815,0.7247142
75496316,0.22685322
75521890,0.48755074
75562265,0.55387497
75562483,0.42788714
75581098,0.77334267
75724912,0.506634
75733224,0.4594232
75739243,0.2747885
75846272,-0.29786682
75859815,0.15881985
75991312,0.68850577
76010375,0.8035066
76012702,0.85471237
76043922,0.011936069
76058479,0.5521395
76071190,0.37233156
76096102,0.6272162
76111213,0.89771366
76113396,0.75940204
76123682,0.79057616
76132762,0.038757205
76182785,-0.018587768
76275465,0.42879874
76279638,0.36149466
76295130,0.13075835
76313007,-0.049311638
76316323,1.1630877
76343616,0.15619665
76348095,0.8634334
76362870,0.49350485
76389630,0.29726976
76477099,0.39502555
76508197,0.054074585
76547967,0.66964805
76566285,0.21378562
76580001,0.86166066
76598280,0.49279022
76606343,0.60826635
76655905,0.35430047
76716437,0.7139174
76722928,0.72896516
76770632,0.5843798
76844676,0.36086178
76844980,0.8868105
76922612,0.16759118
76924312,0.20759562
76932822,0.1304881
76955574,-0.0934872
77005402,0.33977425
77010833,0.63529605
77019439,-0.041400492
77031071,0.31399405
77044325,0.74340284
77084405,0.40410477
77134120,0.35639375
77148640,0.890898
77169964,0.15500566
77190492,0.68920624
77197301,0.5501225
77226156,-0.032892764
77245317,-0.19199681
77249213,0.080237776
77258785,-0.060163558
77275321,0.9046688
77277302,0.7046882
77283889,0.6560969
77320734,0.566522
77388478,0.49114713
77391649,1.0083581
77435966,0.34834224
77493006,0.41102526
77592534,0.40138382
77634195,0.38144422
77686369,0.45046222
77740256,0.1897479
77742800,0.5097309
77773677,1.1937473
77825659,0.09851766
77856088,0.8216331
77862154,-0.022386134
77874706,0.7006683
77880992,0.6138681
77992281,0.44057998
78016866,0.35330123
78045598,0.33279407
78066879,0.6242575
78085289,0.4607074
78103849,0.31975332
78121191,-0.072417736
78153509,0.12843263
78186078,0.9421241
78202726,0.90608656
78223460,0.018833667
78237178,0.45683795
78374578,0.31134248
78408006,0.82012975
78476887,0.5304386
78541979,0.92906034
78548598,0.927706
78567402,-0.01892227
78585529,-0.12455201
78593569,0.1358678
78629672,0.58283806
78649713,0.24819729
78665301,0.7632247
78714161,0.5591892
78728860,0.4108677
78737613,1.1130128
78738215,0.8498757
78771111,0.27158552
78847089,0.44388443
78917074,0.21558711
78941524,-0.035458207
78955924,0.539296
79038293,0.5593542
79161779,0.54822326
79180109,0.6838174
79206023,0.2388545
79234200,0.24722448
79234235,0.83556855
79244056,0.22319064
79244627,-0.062403798
79274575,0.5530802
79278466,0.39356756
79280282,0.35018644
79286032,0.14169103
79340305,0.2447648
79363745,0.29976338
79405352,0.58743554
79414195,0.8040647
79422293,-0.0010660887
79424199,0.6677511
79431697,0.036500067
79434044,0.7127878
79452683,0.8194175
79471746,0.32168195
79482155,0.21972638
79492634,0.0371086
79503987,0.11178911
79518624,0.9080847
79583123,0.36504
79620564,0.2973689
79637922,0.02481836
79708376,0.5528306
79717877,-0.1747297
79733502,0.06555486
79743129,0.49525702
79784743,0.675696
79791349,0.27578613
79840653,0.7454004
79867228,0.9681252
79875919,0.7548052
79937759,0.47992948
79963943,0.6128587
79986613,0.10477537
80021276,0.5544673
80092328,0.36514252
80112107,0.37101433
80127004,0.6878518
80140412,-0.199287
80174742,0.44432837
80216017,0.13778493
80219999,0.25324506
80223109,0.55272055
80229606,0.34664357
80235969,0.18820009
80240089,0.81779915
80247250,0.42293036
80269026,0.21941113
80278552,0.45210266
80292281,1.1368055
80301732,0.5676097
80324834,0.16941199
80339866,1.0874898
80383406,0.41009408
80410859,0.553803
80444902,0.011442751
80470048,0.2296249
80557463,0.1852498
80591981,0.7512324
80599627,0.04994923
80599806,1.140022
80600060,0.4945995
80615590,0.51022536
80647302,0.49730676
80680534,0.4087925
80742712,0.8438995
80777190,0.14005858
80777234,0.28171986
80783299,0.12856764
80795846,0.7668199
80795959,0.055994034
80877376,0.28460348
80882045,0.2768843
80902013,0.7593998
80921652,0.78896177
80932478,-0.05611956
80946485,0.47861326
80954841,0.039013952
80977744,1.0509458
80981100,1.0109562
81019657,0.6418698
81058555,0.34592623
81086442,0.6341968
81135337,0.6567262
81170837,0.4025913
81176688,0.32045206
81186549,0.08463681
81205414,0.6586964
81205700,0.9927821
81249417,1.0449144
81254554,0.64842767
81283191,0.7787017
81330533,0.44013712
81331404,0.6705889
81374126,0.60191596
81428597,0.019980699
81429049,0.47889897
81442390,0.24318534
81456554,0.74650824
81479825,0.97070587
81483040,0.016077042
81583222,0.016250163
81671241,1.0651891
81727321,0.4534202
81765820,0.3940686
81812013,0.09169957
81862398,0.54336685
81887146,-0.006761849
81898530,0.59094167
81900784,0.7897717
81972666,-0.14285696
82029848,-0.14497906
82064262,0.90976346
82070267,-0.2421434
82114742,0.82172275
82127108,1.1425984
82174396,0.25191832
82186195,0.7403574
82192368,-0.023240447
82234503,0.51397467
82244228,-0.07794583
82252018,0.011882842
82268474,0.9989301
82294843,0.32711717
82308369,1.1968879
82376585,0.538244
82376700,1.1980991
82384335,0.4394601
82433747,0.02486527
82539477,0.21544185
82547399,0.28034604
82561709,0.14584377
82581973,0.74919987
82596628,-0.115544975
82665096,0.6177165
82670667,-0.0144767165
82683681,0.94301796
82720641,-0.15770656
82759519,0.9833833
82760821,0.9254447
82772349,0.88422054
82777964,1.2697197
82797588,0.08836791
82798642,-0.12877494
82839957,0.036253244
82873839,0.14889514
82904098,0.8469537
82906365,-0.0063099265
82934797,0.25262886
82970785,0.21391931
83017118,0.27165842
83072268,0.10712585
83073247,0.6709573
83193869,0.21410912
83203206,0.16221496
83215423,0.85930663
83216267,0.21732786
83258118,0.14845794
83260097,0.85114133
83261662,-0.12060988
83266060,0.3462029
83334930,0.20496145
83340880,0.7104176
83370979,1.2580757
83399464,-0.123612165
83441417,-0.033226132
83490400,0.43563434
83517007,0.25941294
83519788,0.56800216
83566651,0.4767325
83627582,0.1664545
83720437,0.63978523
83724633,-0.050866008
83759123,0.65266854
83793452,0.29754314
83846827,0.16707557
83902689,0.3916672
83907805,0.3853451
83941637,0.044464678
83943760,1.2375491
84077404,-0.029565096
84080831,0.59053445
84103169,0.38336736
84130274,0.7029635
84148408,0.05709997
84155118,0.8448142
84155622,0.56798714
84194040,0.4598966
84203354,0.8444861
84277284,0.32129642
84380814,0.19990906
84403363,0.2870475
84422977,1.1703782
84425967,0.8891162
84430668,0.85451996
84457808,0.6640515
84477305,-0.12755626
84499692,0.400451
84534351,0.3663839
84561375,0.79181534
84576470,0.254156
84591427,0.18859941
84592673,0.0049998164
84608194,0.8689028
84656973,0.3389633
84674282,0.8372825
84710659,0.045581758
84734887,0.8019643
84795885,0.3198499
84816985,0.20115712
84841544,0.36067188
84846919,0.973904
84848102,0.24081
84868136,0.7287561
84940280,1.0479181
84979902,0.6367058
84998727,0.41680142
85086733,0.103922665
85102588,0.05792284
85169712,0.012724876
85187502,0.18310958
85202027,0.94911975
85219732,0.085451156
85284514,-0.018208563
85302434,0.3446415
85372378,0.3956617
85384756,0.3464754
85493138,0.46784425
85572010,0.030807108
85614078,0.3945636
85626879,0.4584489
85635610,0.8749767
85648406,0.65930164
85660140,0.42452842
85664430,0.3869413
85678569,0.25920123
85681838,0.3188623
85686490,0.3038677
85695839,0.1163854
85783576,0.24691117
85815529,-0.2743675
85821996,0.21278453
85834562,0.5186217
85854450,0.8552912
85861930,0.80997205
85862087,-0.03646338
85862843,0.13060847
85884054,1.2082521
85890860,0.8423534
85923483,0.636047
85971877,0.8570634
85985640,0.5693861
86000591,0.49236804
86007707,0.51749176
86015389,0.7117068
86049742,1.2431306
86147502,0.32874173
86153858,0.43730846
86199849,0.72335374
86200878,0.509488
86240133,0.8247213
86244234,0.6873995
86274674,0.67646754
86304957,0.10854989
86305054,0.5313043
86327634,0.16109347
86360614,0.1549735
86369588,0.34629747
86370215,0.68986946
86416983,0.9570391
86446782,0.82723343
86467196,1.045512
86499264,0.7601516
86499817,0.8108901
86509530,0.5624853
86538345,0.25099775
86544211,0.024077922
86569593,0.15104854
86605121,0.5073281
86629509,0.48182976
86639682,0.72919774
86641978,0.5930834
86671427,0.42060906
86680398,-0.002922833
86682224,0.12604845
86689546,0.33584327
86690867,0.50357485
86695282,0.37240982
86714506,0.31513202
86727725,0.17813563
86731830,-0.04839742
86759507,0.039186954
86796306,0.00022798777
86829925,0.6949896
86841018,1.1517117
86865629,1.0277187
86924089,0.2835939
86941639,0.35452366
86968171,1.0032547
86985779,0.68655056
87003793,-0.03365594
87029440,0.6700071
87084168,0.20316404
87125342,-0.032793522
87135380,0.5317814
87136979,0.49842584
87222013,0.56730735
87301914,0.45198983
87391363,0.04327935
87410536,0.39245522
87450579,0.14169133
87450603,0.9624238
87455713,0.14954099
87460303,-0.0048476458
87481444,0.24678972
87567939,0.039223164
87655247,0.402836
87667031,0.3944776
87670097,0.89990056
87674501,0.008236557
87679024,0.15745726
87679623,0.3472194
87691321,1.148887
87695373,0.4389442
87729038,0.78054005
87732921,0.083810806
87784181,0.6457827
87830992,0.060774088
87851013,0.53928626
87866237,0.66056025
87891115,0.3304581
87902560,0.26999938
87923873,-0.13443422
87945762,0.7683716
87961010,0.37607127
88006900,0.26079375
88062761,0.78552777
88131351,0.9954827
88154104,0.625541
88183948,0.41560224
88227575,0.5500745
88229777,0.11199188
88288737,0.04531008
88300913,0.5250476
88330641,0.61217105
88351231,0.6827658
88365698,-0.16402096
88381579,0.51449865
88382859,0.26160973
88442358,0.8565804
88450089,0.2956435
88478994,0.2402285
88515012,0.27923784
88536358,0.5564424
88565756,0.14834708
88606839,0.06713945
88612631,0.05617717
88668155,0.083633274
88679468,0.7269736
88713629,0.74913913
88727220,0.572502
88727545,0.6204711
88750461,-0.08096975
88762055,0.78357244
88794218,0.41623247
88845524,0.22175476
88887169,0.80652416
88924303,0.1318591
88936620,0.07637656
88938877,0.48833653
88986376,0.9827858
89019714,1.2875038
89054135,-0.031919062
89061590,0.3293328
89069735,0.6760702
89095703,0.33084744
89148908,0.3670125
89157170,-0.026722968
89206126,0.5689458
89235739,0.97186977
89267268,1.0315729
89321452,0.025050402
89323856,0.9732976
89361850,0.59776133
89409884,0.579772
89431544,0.7469441
89470916,0.12656388
89501240,0.5675781
89573230,0.24347726
89613115,0.20286012
89619970,0.69514394
89647691,0.37112552
89653769,0.69494814
89700094,0.24935943
89721350,0.19513848
89740943,0.7640823
89761230,-0.02809453
89786835,0.56781024
89938970,0.3396439
89963751,-0.18254489
89989620,0.4800786
90053651,0.81696016
90072280,1.0915873
90081271,1.0751555
90134592,0.46118566
90169769,0.32129848
90184033,0.32339704
90199889,0.75298506
90278223,0.35104
90345699,0.15264079
90350810,0.56327313
90370030,0.50117457
90408943,0.38431224
90514029,0.53817266
90553172,0.9250001
90577004,0.3565956
90607472,0.6754019
90691233,0.34449488
90700555,0.38086808
90732869,0.47201523
90756257,-0.016053677
90759096,0.23659626
90759354,0.15128782
90773101,1.1680293
90820233,0.8701534
90858767,0.87804043
90879835,-0.10126454
90891731,0.2916268
90918201,0.4445205
90923818,0.3431357
90936101,0.40132606
90949661,0.72810566
90958995,0.2370913
90961024,0.40593714
91097165,0.33003807
91097632,1.0790598
91101111,0.4060598
91101945,0.23644069
91116884,0.23458734
91128848,0.12003359
91173477,0.7022745
91183805,0.75853074
91200815,0.033471167
91230552,0.14447463
91237635,0.116933614
91248192,0.4849305
91248365,0.9473262
91278241,0.31308046
91301143,0.05582902
91395350,0.7016184
91403118,0.50165135
91408264,0.367715
91417170,0.3038
91424577,0.20220861
91470172,0.5922384
91477604,0.4356145
91485618,0.45595586
91524184,0.48415586
91541254,0.9949972
91575818,-0.04755318
91632940,0.44332504
91647598,-0.017786503
91681704,0.8698745
91683449,0.829266
91710155,0.8328986
91712876,0.051264018
91764449,0.19310391
91848781,0.29825443
91850106,0.3519151
91869702,0.029132992
91937494,0.740847
91974511,1.0654025
91996945,0.68877804
92052392,0.60566497
92056774,0.9176005
92058958,0.011906415
92084454,0.585966
92097660,0.7316507
92142815,0.47800782
92143960,0.27306566
92152611,0.33893934
92177496,1.0984294
92177979,0.9207773
92197764,0.966771
92259194,0.43010357
92316134,-0.02325499
92378036,0.24596974
92413508,0.762341
92418320,0.6178732
92491235,0.48575574
92535930,0.06485164
92569234,0.84955865
92584117,0.7410186
92627852,0.4598103
92636266,0.29374838
92686005,0.14085627
92702941,0.38598096
92740981,0.6622513
92785744,0.95645976
92794277,1.0411379
92820759,0.24210533
92843976,0.26437783
92858142,0.44871444
92867125,0.1387577
92874020,1.0480187
92919566,-0.12935638
93022789,0.6226444
93031909,-0.14583355
93035249,0.37232256
93097060,0.23965266
93097735,0.3554369
93115285,0.41960752
93123732,0.7895102
93183173,0.23595485
93221804,0.07110596
93267321,0.41422418
93314098,0.24621448
93329704,0.46835908
93361647,0.69583225
93366462,0.19795164
93369119,0.6749212
93389766,0.31909835
93419578,0.8710303
93428215,0.40777934
93470404,0.11303237
93489804,0.5477032
93501484,0.62562126
93554277,0.2960717
93559700,1.0340617
93572416,1.0141304
93636779,0.1069648
93677449,0.25198555
93682887,-0.10281718
93683614,0.3682459
93699607,0.4141703
93798164,0.49532074
93803703,0.8795681
93805180,0.43576038
93851389,0.4871946
93971006,0.57936764
94012245,0.22928098
94018403,0.18719575
94030669,0.778582
94050884,0.2798484
94060979,0.8761004
94064467,0.09525782
94110803,0.7288944
94156006,0.4662464
94157282,0.4430025
94166854,1.0103583
94180042,0.7166593
94209253,-0.08176845
94211449,0.027353466
94225315,0.697215
94271606,0.7277766
94284222,0.7944668
94308769,0.44889218
94322959,0.9304234
94332415,-0.302567
94338187,0.28464636
94358239,0.35501552
94362880,0.6312528
94367969,0.54361475
94388569,0.8549444
94397499,0.07426104
94401954,0.07357049
94422888,0.06586078
94425915,0.83753395
94510903,0.18929654
94513734,0.5631217
94544913,0.6675905
94546274,0.2682925
94599009,-0.07479799
94601019,0.2904933
94603349,0.64420444
94619955,0.99139774
94668608,0.24139294
94680386,0.05884853
94702439,0.65324324
94724607,0.86979294
94751380,1.2001474
94761433,-0.018237293
94820148,0.533142
94822605,0.878346
94852692,0.6021267
94864243,0.028773695
94887386,0.17549324
94899216,0.6931012
94925004,-0.02440226
94982732,0.36680716
94999085,0.5324223
95016087,-0.14853781
95046694,-0.032358468
95088517,0.27370632
95110266,0.31699204
95154029,0.72132474
95202077,-0.092437804
95242792,0.64214
95335790,0.9613354
95428946,0.20168477
95452501,0.6645755
95459686,0.41769493
95475172,0.25020567
95602389,0.66732204
95621309,0.4328113
95682784,0.20614982
95687369,0.317155
95688478,0.4462153
95724637,0.15273279
95731809,0.34736264
95748592,0.24364564
95828906,0.33881962
95852599,0.38267562
95873844,-0.16876674
95907556,0.48598656
95942495,0.21579742
96016945,0.09749964
96083218,0.3695117
96131268,0.743484
96151095,0.08300668
96176950,0.48629886
96197691,0.54222834
96225247,0.4591814
96249591,0.099576294
96257179,-0.09663582
96275671,0.5320235
96297127,0.535495
96319425,0.787673
96345792,0.86798155
96438067,0.8226458
96439369,0.6549929
96458290,0.065330654
96496203,0.29962343
96541740,0.30665493
96557810,1.2123291
96626493,0.22163391
96651881,0.71397054
96661157,-0.011157393
96666345,0.15989238
96814440,-0.076515734
96821552,-0.2005629
96824387,-0.14943135
96833464,-0.08527088
96866054,0.77089274
96889493,0.5397609
96915451,0.46905774
96934809,0.2267246
96955120,0.7990546
96975786,0.51992613
96998453,0.5302792
97047880,-0.25288224
97068969,0.7339922
97076546,0.5732737
97084564,0.34819993
97169970,0.61832345
97221648,0.029764265
97262944,0.8418089
97359689,0.5787872
97376938,0.7846692
97502266,0.030891985
97513780,0.18219593
97517538,0.3829642
97534328,0.4296499
97542198,0.37589753
97567417,0.43628037
97586387,0.94933265
97645998,0.86865044
97666258,-0.18978393
97687262,0.5373714
97715009,0.20202944
97811444,-0.0282529
97837122,1.1043663
97869349,0.6742884
97872286,0.24529135
97913958,0.5358194
97921609,0.23503563
97938106,0.4250886
97986854,0.8746184
97993598,-0.026431441
98047150,0.07177588
98137482,0.066271275
98143403,0.37839627
98146967,1.0375168
98151823,0.70801336
98215373,0.30446202
98273636,-0.11580068
98276580,-0.003902197
98282423,0.7729844
98313092,0.31844705
98362353,0.4162397
98373084,0.87207454
98404918,0.20303386
98434538,0.20908436
98446132,0.28668457
98455054,0.46473798
98465384,-0.04558164
98513618,1.1369622
98602458,1.0382292
98605442,0.4555668
98687107,0.19400907
98704281,0.09059146
98751596,0.26715055
98762469,0.38759348
98767924,0.5898799
98860154,0.7174803
98882512,0.103738785
98891307,0.3151406
98963859,0.6970201
98991212,0.26107687
98995299,0.25356162
99014776,0.32944024
99074250,0.570902
99094186,-0.33058506
99141554,0.7086364
99149408,0.098224014
99165645,0.0018946528
99194934,0.3386081
99220694,0.99814856
99225265,0.9608828
99266697,0.48329893
99305752,-0.13234073
99331069,0.46644515
99418967,0.008733511
99544631,0.03671083
99613276,-0.104747236
99623433,0.43934172
99643686,0.082193494
99652208,-0.07931751
99713467,0.08694041
99729098,0.75050753
99751100,0.061144292
99785861,0.18478099
99804009,0.1889494
99836889,0.5165355
99849278,0.71434855
99888537,0.20613262
99918216,0.18584836
99938948,0.13459659
99953525,0.35847494
99985917,0.4080575
99991245,0.88407785
